,survival,pclass,sex,age,sibsp,parch,fare,embarked,class,who,adult_male,embark_town,alive,alone,family_size
0,0,3,male,0.37254901960784315,1,0,0.01415105756220806,S,Third,man,True,Southampton,no,False,1
1,1,1,female,0.6862745098039216,1,0,0.13913573538264068,C,First,woman,False,Cherbourg,yes,False,1
2,1,3,female,0.4509803921568627,0,0,0.015468569817999843,S,Third,woman,False,Southampton,yes,True,0
3,1,1,female,0.6274509803921569,1,0,0.10364429745562032,S,First,woman,False,Southampton,yes,False,1
4,0,3,male,0.6274509803921569,0,0,0.015712553569072397,S,Third,man,True,Southampton,no,True,0
5,0,3,male,0.5235121107266435,0,0,0.016509502093575774,Q,Third,man,True,Queenstown,no,True,0
6,0,1,male,1.0,0,0,0.10122885832000206,S,First,man,True,Southampton,no,True,0
8,1,3,female,0.47058823529411764,0,2,0.021730754366528403,S,Third,woman,False,Southampton,yes,False,2
9,1,2,female,0.21568627450980393,1,0,0.058694292654020104,C,Second,child,False,Cherbourg,yes,False,1
10,1,3,female,0.019607843137254943,1,1,0.03259622914329303,S,Third,child,False,Southampton,yes,False,2
12,0,3,male,0.3333333333333333,0,0,0.015712553569072397,S,Third,man,True,Southampton,no,True,0
13,0,3,male,0.7058823529411764,1,5,0.06104473451835265,S,Third,man,True,Southampton,no,False,6
14,0,3,female,0.21568627450980393,0,0,0.015330377421392344,S,Third,child,False,Southampton,no,True,0
17,1,2,male,0.5235121107266435,0,0,0.02537431011154547,S,Second,man,True,Southampton,yes,True,0
18,0,3,female,0.5490196078431372,1,0,0.03513366015444757,S,Third,woman,False,Southampton,no,False,1
19,1,3,female,0.5235121107266435,0,0,0.014102260811993547,C,Third,woman,False,Cherbourg,yes,True,0
20,0,2,male,0.6274509803921569,0,0,0.05074862022309094,S,Second,man,True,Southampton,no,True,0
21,1,2,male,0.6078431372549019,0,0,0.02537431011154547,S,Second,man,True,Southampton,yes,True,0
22,1,3,female,0.23529411764705882,0,0,0.015671954672893916,Q,Third,child,False,Queenstown,yes,True,0
23,1,1,male,0.4901960784313726,0,0,0.06929138530460494,S,First,man,True,Southampton,yes,True,0
24,0,3,female,0.0980392156862745,3,1,0.04113566043083236,S,Third,child,False,Southampton,no,False,4
25,1,3,female,0.6862745098039216,1,5,0.06126431989431795,S,Third,woman,False,Southampton,yes,False,6
26,0,3,male,0.5235121107266435,0,0,0.014102260811993547,C,Third,man,True,Cherbourg,no,True,0
27,0,1,male,0.3137254901960784,3,2,0.5133418122566507,S,First,man,True,Southampton,no,False,5
28,1,3,female,0.5235121107266435,0,0,0.015379174171606856,Q,Third,woman,False,Queenstown,yes,True,0
29,0,3,male,0.5235121107266435,0,0,0.015411575213749293,S,Third,man,True,Southampton,no,True,0
30,0,1,male,0.7254901960784313,0,0,0.05410739813385612,C,First,man,True,Cherbourg,no,True,0
31,1,1,female,0.5235121107266435,1,0,0.2859895551532101,C,First,woman,False,Cherbourg,yes,False,1
32,1,3,female,0.5235121107266435,0,0,0.01512699256649827,Q,Third,woman,False,Queenstown,yes,True,0
34,0,1,male,0.4901960784313726,1,0,0.16038672010106003,C,First,man,True,Cherbourg,no,False,1
35,0,1,male,0.7647058823529411,1,0,0.10149724044618186,S,First,man,True,Southampton,no,False,1
36,1,3,male,0.5235121107266435,0,0,0.014110458666029585,C,Third,man,True,Cherbourg,yes,True,0
37,0,3,male,0.3529411764705882,0,0,0.015712553569072397,S,Third,man,True,Southampton,no,True,0
38,0,3,female,0.2941176470588235,2,0,0.03513366015444757,S,Third,woman,False,Southampton,no,False,2
39,1,3,female,0.21568627450980393,1,0,0.02194233707545852,C,Third,child,False,Cherbourg,yes,False,1
40,0,3,female,0.7254901960784313,1,0,0.018493968331299494,S,Third,woman,False,Southampton,no,False,1
41,0,2,female,0.47058823529411764,1,0,0.04098927018018883,S,Second,woman,False,Southampton,no,False,1
42,0,3,male,0.5235121107266435,0,0,0.015411575213749293,C,Third,man,True,Cherbourg,no,True,0
43,1,2,female,0.0,1,2,0.08115719346076702,C,Second,child,False,Cherbourg,yes,False,3
44,1,3,female,0.3137254901960784,0,0,0.015379174171606856,Q,Third,woman,False,Queenstown,yes,True,0
45,0,3,male,0.5235121107266435,0,0,0.015712553569072397,S,Third,man,True,Southampton,no,True,0
46,0,3,male,0.5235121107266435,1,0,0.03025398513299652,Q,Third,man,True,Queenstown,no,False,1
48,0,3,male,0.5235121107266435,2,0,0.042314980290016665,C,Third,man,True,Cherbourg,no,False,2
49,0,3,female,0.2941176470588235,1,0,0.03474328615273149,S,Third,woman,False,Southampton,no,False,1
50,0,3,male,0.0784313725490196,4,1,0.07746484096553544,S,Third,child,False,Southampton,no,False,5
51,0,3,male,0.3529411764705882,0,0,0.015224586066927295,S,Third,man,True,Southampton,no,True,0
52,1,1,female,0.9019607843137255,1,0,0.14976542426236877,C,First,woman,False,Cherbourg,yes,False,1
53,1,2,female,0.5098039215686274,1,0,0.05074862022309094,S,Second,woman,False,Southampton,yes,False,1
55,1,1,male,0.5235121107266435,0,0,0.06929138530460494,S,First,man,True,Southampton,yes,True,0
56,1,2,female,0.3529411764705882,0,0,0.020494635090094422,S,Second,woman,False,Southampton,yes,True,0
57,0,3,male,0.5,0,0,0.014110458666029585,C,Third,man,True,Cherbourg,no,True,0
58,1,2,female,0.039215686274509776,1,2,0.05416439273810667,S,Second,child,False,Southampton,yes,False,3
59,0,3,male,0.1568627450980392,5,2,0.09154270340242172,S,Third,child,False,Southampton,no,False,7
60,0,3,male,0.37254901960784315,0,0,0.014110458666029585,C,Third,man,True,Cherbourg,no,True,0
61,1,1,female,0.6862745098039216,0,0,0.15614960068643363,S,First,woman,False,Southampton,yes,True,0
62,0,1,male,0.8235294117647058,1,0,0.16293234896625058,S,First,man,True,Southampton,no,False,1
63,0,3,male,0.019607843137254943,3,2,0.05445717323939373,S,Third,child,False,Southampton,no,False,5
64,0,1,male,0.5235121107266435,0,0,0.05410739813385612,C,First,man,True,Cherbourg,no,True,0
65,1,3,male,0.5235121107266435,1,1,0.02975781977681538,C,Third,man,True,Cherbourg,yes,False,2
66,1,2,female,0.5098039215686274,0,0,0.020494635090094422,S,Second,woman,False,Southampton,yes,True,0
67,0,3,male,0.3137254901960784,0,0,0.015923941091001655,S,Third,man,True,Southampton,no,True,0
68,1,3,female,0.2745098039215686,4,2,0.015468569817999843,S,Third,woman,False,Southampton,yes,False,6
69,0,3,male,0.4509803921568627,2,0,0.016908073949327897,S,Third,man,True,Southampton,no,False,2
70,0,2,male,0.5686274509803921,0,0,0.020494635090094422,S,Second,man,True,Southampton,no,True,0
71,0,3,female,0.2549019607843137,5,2,0.09154270340242172,S,Third,woman,False,Southampton,no,False,7
72,0,2,male,0.3529411764705882,0,0,0.1434624456306609,S,Second,man,True,Southampton,no,True,0
73,0,3,male,0.4509803921568627,1,0,0.028212719478023125,C,Third,man,True,Cherbourg,no,False,1
74,1,3,male,0.5686274509803921,0,0,0.11027245763075771,S,Third,man,True,Southampton,yes,True,0
75,0,3,male,0.4313725490196078,0,0,0.014931805565640228,S,Third,man,True,Southampton,no,True,0
79,1,3,female,0.5294117647058824,0,0,0.024349578357040748,S,Third,woman,False,Southampton,yes,True,0
80,0,3,male,0.37254901960784315,0,0,0.017566830077223795,S,Third,man,True,Southampton,no,True,0
81,1,3,male,0.5098039215686274,0,0,0.018542765081514,S,Third,man,True,Southampton,yes,True,0
82,1,3,female,0.5235121107266435,0,0,0.015200187691820029,Q,Third,woman,False,Queenstown,yes,True,0
83,0,1,male,0.4901960784313726,0,0,0.09193307740413781,S,First,man,True,Southampton,no,True,0
84,1,2,female,0.2745098039215686,0,0,0.020494635090094422,S,Second,woman,False,Southampton,yes,True,0
85,1,3,female,0.5882352941176471,3,0,0.030937139635999672,S,Third,woman,False,Southampton,yes,False,3
86,0,3,male,0.2549019607843137,1,3,0.06709553154495196,S,Third,man,True,Southampton,no,False,4
88,1,1,female,0.39215686274509803,3,2,0.5133418122566507,S,First,woman,False,Southampton,yes,False,5
89,0,3,male,0.4117647058823529,0,0,0.015712553569072397,S,Third,man,True,Southampton,no,True,0
90,0,3,male,0.5098039215686274,0,0,0.015712553569072397,S,Third,man,True,Southampton,no,True,0
91,0,3,male,0.3333333333333333,0,0,0.015330377421392344,S,Third,man,True,Southampton,no,True,0
92,0,1,male,0.8431372549019608,1,0,0.11940564777490721,S,First,man,True,Southampton,no,False,1
93,0,3,male,0.4509803921568627,1,2,0.040159725426542156,S,Third,man,True,Southampton,no,False,3
97,1,1,male,0.39215686274509803,0,1,0.12366716556464086,C,First,man,True,Cherbourg,yes,False,1
98,1,2,female,0.6078431372549019,0,1,0.044893010197349675,S,Second,woman,False,Southampton,yes,False,1
99,0,2,male,0.6078431372549019,1,0,0.05074862022309094,S,Second,man,True,Southampton,no,False,1
100,0,3,female,0.4901960784313726,0,0,0.015411575213749293,S,Third,woman,False,Southampton,no,True,0
102,0,1,male,0.3529411764705882,0,1,0.15085515328815924,S,First,man,True,Southampton,no,False,1
103,0,3,male,0.5882352941176471,0,0,0.016891873428256682,S,Third,man,True,Southampton,no,True,0
104,0,3,male,0.6666666666666666,2,0,0.015468569817999843,S,Third,man,True,Southampton,no,False,2
105,0,3,male,0.4901960784313726,0,0,0.015411575213749293,S,Third,man,True,Southampton,no,True,0
106,1,3,female,0.3529411764705882,0,0,0.014931805565640228,S,Third,woman,False,Southampton,yes,True,0
107,1,3,male,0.5235121107266435,0,0,0.015175789316712783,S,Third,man,True,Southampton,yes,True,0
108,0,3,male,0.6862745098039216,0,0,0.015411575213749293,S,Third,man,True,Southampton,no,True,0
109,1,3,female,0.5235121107266435,1,0,0.04713766070721716,Q,Third,woman,False,Queenstown,yes,False,1
110,0,1,male,0.8627450980392156,0,0,0.10149724044618186,S,First,man,True,Southampton,no,True,0
111,0,3,female,0.22549019607843135,1,0,0.028212719478023125,C,Third,child,False,Cherbourg,no,False,1
112,0,3,male,0.37254901960784315,0,0,0.015712553569072397,S,Third,man,True,Southampton,no,True,0
113,0,3,female,0.3333333333333333,1,0,0.01917712283430264,S,Third,woman,False,Southampton,no,False,1
114,0,3,female,0.2745098039215686,0,0,0.028220722145058295,C,Third,woman,False,Cherbourg,no,True,0
115,0,3,male,0.3529411764705882,0,0,0.015468569817999843,S,Third,man,True,Southampton,no,True,0
117,0,2,male,0.5098039215686274,1,0,0.04098927018018883,S,Second,man,True,Southampton,no,False,1
118,0,1,male,0.4117647058823529,0,1,0.4831284260198325,C,First,man,True,Cherbourg,no,False,1
120,0,2,male,0.3529411764705882,2,0,0.1434624456306609,S,Second,man,True,Southampton,no,False,2
122,0,2,male,0.5784313725490196,1,0,0.058694292654020104,C,Second,man,True,Cherbourg,no,False,1
123,1,2,female,0.5784313725490196,0,0,0.02537431011154547,S,Second,woman,False,Southampton,yes,True,0
124,0,1,male,1.0,0,1,0.15085515328815924,S,First,man,True,Southampton,no,False,1
125,1,3,male,0.1764705882352941,1,0,0.02194233707545852,C,Third,child,False,Cherbourg,yes,False,1
126,0,3,male,0.5235121107266435,0,0,0.01512699256649827,Q,Third,man,True,Queenstown,no,True,0
127,1,3,male,0.4117647058823529,0,0,0.013939670040278795,S,Third,man,True,Southampton,yes,True,0
128,1,3,female,0.5235121107266435,1,1,0.04364049521284362,C,Third,woman,False,Cherbourg,yes,False,2
129,0,3,male,0.8235294117647058,0,0,0.013614293309848438,S,Third,man,True,Southampton,no,True,0
130,0,3,male,0.5882352941176471,0,0,0.015411575213749293,C,Third,man,True,Cherbourg,no,True,0
131,0,3,male,0.3333333333333333,0,0,0.013760683560491975,S,Third,man,True,Southampton,no,True,0
132,0,3,female,0.8627450980392156,1,0,0.028302115124416105,S,Third,woman,False,Southampton,no,False,1
134,0,2,male,0.4313725490196078,0,0,0.02537431011154547,S,Second,man,True,Southampton,no,True,0
135,0,2,male,0.39215686274509803,0,0,0.02936744577509929,C,Second,man,True,Cherbourg,no,True,0
136,1,1,female,0.3137254901960784,0,2,0.051301584996521765,S,First,woman,False,Southampton,yes,False,2
137,0,1,male,0.6666666666666666,1,0,0.10364429745562032,S,First,man,True,Southampton,no,False,1
138,0,3,male,0.2549019607843137,0,0,0.017989800308083163,S,Third,man,True,Southampton,no,True,0
139,0,1,male,0.4117647058823529,0,0,0.1545881046795693,C,First,man,True,Cherbourg,no,True,0
140,0,3,female,0.5235121107266435,0,2,0.02975781977681538,C,Third,woman,False,Cherbourg,no,False,2
141,1,3,female,0.37254901960784315,0,0,0.01512699256649827,S,Third,woman,False,Southampton,yes,True,0
142,1,3,female,0.4117647058823529,1,0,0.030937139635999672,S,Third,woman,False,Southampton,yes,False,1
143,0,3,male,0.3137254901960784,0,0,0.013175122557917834,Q,Third,man,True,Queenstown,no,True,0
144,0,2,male,0.2941176470588235,0,0,0.022446505098674845,S,Second,man,True,Southampton,no,True,0
145,0,2,male,0.3137254901960784,1,1,0.07173122281533045,S,Second,man,True,Southampton,no,False,2
146,1,3,male,0.47058823529411764,0,0,0.015216388212891258,S,Third,man,True,Southampton,yes,True,0
147,0,3,female,0.11764705882352938,2,2,0.06709553154495196,S,Third,child,False,Southampton,no,False,4
148,0,2,male,0.6568627450980392,0,2,0.05074862022309094,S,Second,man,True,Southampton,no,False,2
149,0,2,male,0.7647058823529411,0,0,0.02537431011154547,S,Second,man,True,Southampton,no,True,0
150,0,2,male,0.9411764705882353,0,0,0.024447171857469772,S,Second,man,True,Southampton,no,True,0
151,1,1,female,0.37254901960784315,1,0,0.12999454257145598,S,First,woman,False,Southampton,yes,False,1
153,0,3,male,0.7352941176470588,0,2,0.028302115124416105,S,Third,man,True,Southampton,no,False,2
154,0,3,male,0.5235121107266435,0,0,0.01427304943774433,S,Third,man,True,Southampton,no,True,0
155,0,1,male,0.9411764705882353,0,1,0.11980421963065933,C,First,man,True,Cherbourg,no,False,1
156,1,3,female,0.2549019607843137,0,0,0.015094396337354966,Q,Third,woman,False,Queenstown,yes,True,0
157,0,3,male,0.5294117647058824,0,0,0.015712553569072397,S,Third,man,True,Southampton,no,True,0
158,0,3,male,0.5235121107266435,0,0,0.016908073949327897,S,Third,man,True,Southampton,no,True,0
159,0,3,male,0.5235121107266435,8,2,0.13575255909676825,S,Third,man,True,Southampton,no,False,10
160,0,3,male,0.803921568627451,0,1,0.03142510713814478,S,Third,man,True,Southampton,no,False,1
161,1,2,female,0.7254901960784313,0,0,0.030741952635141623,S,Second,woman,False,Southampton,yes,True,0
162,0,3,male,0.4509803921568627,0,0,0.015175789316712783,S,Third,man,True,Southampton,no,True,0
163,0,3,male,0.2745098039215686,0,0,0.016908073949327897,S,Third,man,True,Southampton,no,True,0
165,1,3,male,0.11764705882352938,0,2,0.04006213192611313,S,Third,child,False,Southampton,yes,False,2
166,1,1,female,0.5235121107266435,0,1,0.10735285047192313,S,First,woman,False,Southampton,yes,False,1
167,0,3,female,0.8235294117647058,1,4,0.05445717323939373,S,Third,woman,False,Southampton,no,False,5
168,0,1,male,0.5235121107266435,0,0,0.050602229972447406,S,First,man,True,Southampton,no,True,0
169,0,3,male,0.4901960784313726,0,0,0.11027245763075771,S,Third,man,True,Southampton,no,True,0
171,0,3,male,0.019607843137254943,4,1,0.05684821399990475,Q,Third,child,False,Queenstown,no,False,5
175,0,3,male,0.2941176470588235,1,1,0.015330377421392344,S,Third,man,True,Southampton,no,False,2
176,0,3,male,0.5235121107266435,3,1,0.049707687947515,S,Third,man,True,Southampton,no,False,4
177,0,1,female,0.9215686274509803,0,0,0.05604306762136532,C,First,woman,False,Cherbourg,no,True,0
178,0,2,male,0.5294117647058824,0,0,0.02537431011154547,S,Second,man,True,Southampton,no,True,0
179,0,3,male,0.6470588235294117,0,0,0.0,S,Third,man,True,Southampton,no,True,0
180,0,3,female,0.5235121107266435,8,2,0.13575255909676825,S,Third,woman,False,Southampton,no,False,10
181,0,2,male,0.5235121107266435,0,0,0.02937564362913534,C,Second,man,True,Cherbourg,no,True,0
182,0,3,male,0.11764705882352938,4,2,0.06126431989431795,S,Third,child,False,Southampton,no,False,6
184,1,3,female,0.019607843137254943,0,2,0.04298993693898376,S,Third,child,False,Southampton,yes,False,2
185,0,1,male,0.5235121107266435,0,0,0.09759350042902101,S,First,man,True,Southampton,no,True,0
186,1,3,female,0.5235121107266435,1,0,0.03025398513299652,Q,Third,woman,False,Queenstown,yes,False,1
187,1,1,male,0.8235294117647058,0,0,0.051822148727810165,S,First,man,True,Southampton,yes,True,0
188,0,3,male,0.7254901960784313,1,1,0.03025398513299652,Q,Third,man,True,Queenstown,no,False,2
189,0,3,male,0.6470588235294117,0,0,0.015411575213749293,S,Third,man,True,Southampton,no,True,0
190,1,2,female,0.5686274509803921,0,0,0.02537431011154547,S,Second,woman,False,Southampton,yes,True,0
191,0,2,male,0.3137254901960784,0,0,0.02537431011154547,S,Second,man,True,Southampton,no,True,0
192,1,3,female,0.3137254901960784,1,0,0.015330377421392344,S,Third,woman,False,Southampton,yes,False,1
193,1,2,male,0.0,1,1,0.05074862022309094,S,Second,child,False,Southampton,yes,False,2
194,1,1,female,0.803921568627451,0,0,0.05410739813385612,C,First,woman,False,Cherbourg,yes,True,0
197,0,3,male,0.7647058823529411,0,1,0.01640390592611158,S,Third,man,True,Southampton,no,False,1
199,0,2,female,0.4117647058823529,0,0,0.02537431011154547,S,Second,woman,False,Southampton,no,True,0
200,0,3,male,0.4901960784313726,0,0,0.018542765081514,S,Third,man,True,Southampton,no,True,0
202,0,3,male,0.6078431372549019,0,0,0.012678957201736701,S,Third,man,True,Southampton,no,True,0
203,0,3,male,0.8333333333333333,0,0,0.014102260811993547,C,Third,man,True,Cherbourg,no,True,0
204,1,3,male,0.2941176470588235,0,0,0.015712553569072397,S,Third,man,True,Southampton,yes,True,0
206,0,3,male,0.5686274509803921,1,0,0.030937139635999672,S,Third,man,True,Southampton,no,False,1
207,1,3,male,0.4509803921568627,0,0,0.03667075778620466,C,Third,man,True,Cherbourg,yes,True,0
208,1,3,female,0.2549019607843137,0,0,0.01512699256649827,Q,Third,woman,False,Queenstown,yes,True,0
209,1,1,male,0.7254901960784313,0,0,0.060507970265993034,C,First,man,True,Cherbourg,yes,True,0
210,0,3,male,0.4117647058823529,0,0,0.013760683560491975,S,Third,man,True,Southampton,no,True,0
211,1,2,female,0.6274509803921569,0,0,0.04098927018018883,S,Second,woman,False,Southampton,yes,True,0
212,0,3,male,0.37254901960784315,0,0,0.01415105756220806,S,Third,man,True,Southampton,no,True,0
214,0,3,male,0.5235121107266435,1,0,0.01512699256649827,Q,Third,man,True,Queenstown,no,False,1
215,1,1,female,0.5490196078431372,1,0,0.2210980752219471,C,First,woman,False,Cherbourg,yes,False,1
216,1,3,female,0.47058823529411764,0,0,0.015468569817999843,S,Third,woman,False,Southampton,yes,True,0
217,0,2,male,0.7647058823529411,1,0,0.05270049023167135,S,Second,man,True,Southampton,no,False,1
218,1,1,female,0.5686274509803921,0,0,0.14891148113361485,C,First,woman,False,Cherbourg,yes,True,0
219,0,2,male,0.5294117647058824,0,0,0.020494635090094422,S,Second,man,True,Southampton,no,True,0
220,1,3,male,0.2549019607843137,0,0,0.015712553569072397,S,Third,man,True,Southampton,yes,True,0
221,0,2,male,0.47058823529411764,0,0,0.02537431011154547,S,Second,man,True,Southampton,no,True,0
222,0,3,male,0.9411764705882353,0,0,0.015712553569072397,S,Third,man,True,Southampton,no,True,0
224,1,1,male,0.6862745098039216,1,0,0.17566830077223783,S,First,man,True,Southampton,yes,False,1
225,0,3,male,0.37254901960784315,0,0,0.01824998458022694,S,Third,man,True,Southampton,no,True,0
226,1,2,male,0.3137254901960784,0,0,0.020494635090094422,S,Second,man,True,Southampton,yes,True,0
227,0,3,male,0.3431372549019608,0,0,0.01415105756220806,S,Third,man,True,Southampton,no,True,0
228,0,2,male,0.2941176470588235,0,0,0.02537431011154547,S,Second,man,True,Southampton,no,True,0
229,0,3,female,0.5235121107266435,3,1,0.049707687947515,S,Third,woman,False,Southampton,no,False,4
230,1,1,female,0.6274509803921569,1,0,0.16293234896625058,S,First,woman,False,Southampton,yes,False,1
231,0,3,male,0.5098039215686274,0,0,0.015175789316712783,S,Third,man,True,Southampton,no,True,0
233,1,3,female,0.039215686274509776,4,2,0.06126431989431795,S,Third,child,False,Southampton,yes,False,6
234,0,2,male,0.4117647058823529,0,0,0.020494635090094422,S,Second,man,True,Southampton,no,True,0
235,0,3,female,0.5235121107266435,0,0,0.01473661856478218,S,Third,woman,False,Southampton,no,True,0
236,0,2,male,0.803921568627451,1,0,0.05074862022309094,S,Second,man,True,Southampton,no,False,1
237,1,2,female,0.0980392156862745,0,2,0.05123658772523604,S,Second,child,False,Southampton,yes,False,2
238,0,2,male,0.3137254901960784,0,0,0.020494635090094422,S,Second,man,True,Southampton,no,True,0
239,0,2,male,0.5882352941176471,0,0,0.023959204355324663,S,Second,man,True,Southampton,no,True,0
240,0,3,female,0.5235121107266435,1,0,0.028212719478023125,C,Third,woman,False,Cherbourg,no,False,1
242,0,2,male,0.5098039215686274,0,0,0.020494635090094422,S,Second,man,True,Southampton,no,True,0
243,0,3,male,0.37254901960784315,0,0,0.013907073811135512,S,Third,man,True,Southampton,no,True,0
244,0,3,male,0.5294117647058824,0,0,0.014102260811993547,C,Third,man,True,Cherbourg,no,True,0
245,0,1,male,0.803921568627451,2,0,0.17566830077223783,Q,First,man,True,Queenstown,no,False,2
246,0,3,female,0.4313725490196078,0,0,0.015175789316712783,S,Third,woman,False,Southampton,no,True,0
247,1,2,female,0.4117647058823529,0,2,0.028302115124416105,S,Second,woman,False,Southampton,yes,False,2
248,1,1,male,0.6666666666666666,1,1,0.10257896680493714,S,First,man,True,Southampton,yes,False,2
249,0,2,male,1.0,1,0,0.05074862022309094,S,Second,man,True,Southampton,no,False,1
250,0,3,male,0.5235121107266435,0,0,0.01415105756220806,S,Third,man,True,Southampton,no,True,0
251,0,3,female,0.5098039215686274,1,1,0.020421439964772657,S,Third,woman,False,Southampton,no,False,2
253,0,3,male,0.5294117647058824,1,0,0.03142510713814478,S,Third,man,True,Southampton,no,False,1
254,0,3,female,0.7450980392156863,0,2,0.03945217254843175,S,Third,woman,False,Southampton,no,False,2
255,1,3,female,0.5098039215686274,0,2,0.02975781977681538,C,Third,woman,False,Cherbourg,yes,False,2
256,1,1,female,0.5235121107266435,0,0,0.1545881046795693,C,First,woman,False,Cherbourg,yes,True,0
257,1,1,female,0.5294117647058824,0,0,0.16883675574220636,S,First,woman,False,Southampton,yes,True,0
258,1,1,female,0.6274509803921569,0,0,0.9999999999999999,C,First,woman,False,Cherbourg,yes,True,0
259,1,2,female,0.9215686274509803,0,1,0.05074862022309094,S,Second,woman,False,Southampton,yes,False,1
261,1,3,male,0.0,4,2,0.06126431989431795,S,Third,child,False,Southampton,yes,False,6
262,0,1,male,0.9607843137254901,1,1,0.15546644618343047,S,First,man,True,Southampton,no,False,2
263,0,1,male,0.7254901960784313,0,0,0.0,S,First,man,True,Southampton,no,True,0
264,0,3,female,0.5235121107266435,0,0,0.01512699256649827,Q,Third,woman,False,Queenstown,no,True,0
265,0,2,male,0.6470588235294117,0,0,0.020494635090094422,S,Second,man,True,Southampton,no,True,0
266,0,3,male,0.2549019607843137,4,1,0.07746484096553544,S,Third,man,True,Southampton,no,False,5
267,1,3,male,0.4313725490196078,1,0,0.015175789316712783,S,Third,man,True,Southampton,yes,False,1
269,1,1,female,0.6274509803921569,0,0,0.26473857043479065,S,First,woman,False,Southampton,yes,True,0
270,0,1,male,0.5235121107266435,0,0,0.060507970265993034,S,First,man,True,Southampton,no,True,0
271,1,3,male,0.4313725490196078,0,0,0.0,S,Third,man,True,Southampton,yes,True,0
272,1,2,female,0.7450980392156863,0,1,0.038061465167318204,S,Second,woman,False,Southampton,yes,False,1
273,0,1,male,0.6666666666666666,0,1,0.057970539254838485,C,First,man,True,Cherbourg,no,False,1
276,0,3,female,0.8235294117647058,0,0,0.01512699256649827,S,Third,woman,False,Southampton,no,True,0
277,0,2,male,0.5235121107266435,0,0,0.0,S,Second,man,True,Southampton,no,True,0
278,0,3,male,0.0784313725490196,4,1,0.05684821399990475,Q,Third,child,False,Queenstown,no,False,5
279,1,3,female,0.6274509803921569,1,1,0.03952536767375352,S,Third,woman,False,Southampton,yes,False,2
281,0,3,male,0.4901960784313726,0,0,0.015330377421392344,S,Third,man,True,Southampton,no,True,0
282,0,3,male,0.2549019607843137,0,0,0.018542765081514,S,Third,man,True,Southampton,no,True,0
283,1,3,male,0.3137254901960784,0,0,0.015712553569072397,S,Third,man,True,Southampton,yes,True,0
284,0,1,male,0.5235121107266435,0,0,0.05074862022309094,S,First,man,True,Southampton,no,True,0
285,0,3,male,0.5882352941176471,0,0,0.016908073949327897,C,Third,man,True,Cherbourg,no,True,0
286,1,3,male,0.5294117647058824,0,0,0.018542765081514,S,Third,man,True,Southampton,yes,True,0
287,0,3,male,0.37254901960784315,0,0,0.015411575213749293,S,Third,man,True,Southampton,no,True,0
288,1,2,male,0.7647058823529411,0,0,0.02537431011154547,S,Second,man,True,Southampton,yes,True,0
289,1,3,female,0.37254901960784315,0,0,0.01512699256649827,Q,Third,woman,False,Queenstown,yes,True,0
290,1,1,female,0.4509803921568627,0,0,0.15390495017656614,S,First,woman,False,Southampton,yes,True,0
291,1,1,female,0.3137254901960784,1,0,0.17777475888549782,C,First,woman,False,Cherbourg,yes,False,1
292,0,2,male,0.6470588235294117,0,0,0.025130326360472917,C,Second,man,True,Cherbourg,no,True,0
293,0,3,female,0.4117647058823529,0,0,0.01727404957593673,S,Third,woman,False,Southampton,no,True,0
294,0,3,male,0.4117647058823529,0,0,0.015411575213749293,S,Third,man,True,Southampton,no,True,0
296,0,3,male,0.40196078431372545,0,0,0.014110458666029585,C,Third,man,True,Cherbourg,no,True,0
298,1,1,male,0.5235121107266435,0,0,0.05953203526170282,S,First,man,True,Southampton,yes,True,0
299,1,1,female,0.9215686274509803,0,1,0.4831284260198325,C,First,woman,False,Cherbourg,yes,False,1
301,1,3,male,0.5235121107266435,2,0,0.04538097769949478,Q,Third,man,True,Queenstown,yes,False,2
302,0,3,male,0.3137254901960784,0,0,0.0,S,Third,man,True,Southampton,no,True,0
303,1,2,female,0.5235121107266435,0,0,0.0241055946059682,Q,Second,woman,False,Queenstown,yes,True,0
306,1,1,female,0.5235121107266435,0,0,0.21642978772242533,C,First,woman,False,Cherbourg,yes,True,0
307,1,1,female,0.2745098039215686,1,0,0.2125586439344078,C,First,woman,False,Cherbourg,yes,False,1
308,0,2,male,0.5294117647058824,1,0,0.0468448802059301,C,Second,man,True,Cherbourg,no,False,1
309,1,1,female,0.5294117647058824,0,0,0.11111839809247648,C,First,woman,False,Cherbourg,yes,True,0
310,1,1,female,0.4117647058823529,0,0,0.16231419173453315,C,First,woman,False,Cherbourg,yes,True,0
311,1,1,female,0.2941176470588235,2,2,0.5121218935012878,C,First,woman,False,Cherbourg,yes,False,4
312,0,2,female,0.4509803921568627,1,1,0.05074862022309094,S,Second,woman,False,Southampton,no,False,2
314,0,2,male,0.7843137254901961,1,1,0.05123658772523604,S,Second,man,True,Southampton,no,False,2
315,1,3,female,0.4509803921568627,0,0,0.015330377421392344,S,Third,woman,False,Southampton,yes,True,0
316,1,2,female,0.4117647058823529,1,0,0.05074862022309094,S,Second,woman,False,Southampton,yes,False,1
317,0,2,male,1.0,0,0,0.027326180120125887,S,Second,man,True,Southampton,no,True,0
318,1,1,female,0.5490196078431372,0,2,0.32179836714362564,S,First,woman,False,Southampton,yes,False,2
319,1,1,female,0.7254901960784313,1,1,0.2625265161540665,C,First,woman,False,Cherbourg,yes,False,2
321,0,3,male,0.47058823529411764,0,0,0.015411575213749293,S,Third,man,True,Southampton,no,True,0
322,1,2,female,0.5294117647058824,0,0,0.0241055946059682,Q,Second,woman,False,Queenstown,yes,True,0
323,1,2,female,0.37254901960784315,1,1,0.056604230248832196,S,Second,woman,False,Southampton,yes,False,2
325,1,1,female,0.6470588235294117,0,0,0.26473857043479065,C,First,woman,False,Cherbourg,yes,True,0
327,1,2,female,0.6470588235294117,0,0,0.02537431011154547,S,Second,woman,False,Southampton,yes,True,0
328,1,3,female,0.5490196078431372,1,1,0.04006213192611313,S,Third,woman,False,Southampton,yes,False,2
329,1,1,female,0.2549019607843137,0,1,0.1131678616014859,C,First,woman,False,Cherbourg,yes,False,1
330,1,3,female,0.5235121107266435,2,0,0.04538097769949478,Q,Third,woman,False,Queenstown,yes,False,2
331,0,1,male,0.8333333333333333,0,0,0.055628295244541985,S,First,man,True,Southampton,no,True,0
332,0,1,male,0.6862745098039216,0,1,0.29953885119177276,S,First,man,True,Southampton,no,False,1
333,0,3,male,0.2549019607843137,2,0,0.03513366015444757,S,Third,man,True,Southampton,no,False,2
334,1,1,female,0.5235121107266435,1,0,0.2608674266467732,S,First,woman,False,Southampton,yes,False,1
336,0,1,male,0.5098039215686274,1,0,0.12999454257145598,S,First,man,True,Southampton,no,False,1
337,1,1,female,0.7450980392156863,0,0,0.2625265161540665,C,First,woman,False,Cherbourg,yes,True,0
338,1,3,male,0.8235294117647058,0,0,0.015712553569072397,S,Third,man,True,Southampton,yes,True,0
339,0,1,male,0.8235294117647058,0,0,0.06929138530460494,S,First,man,True,Southampton,no,True,0
341,1,1,female,0.4117647058823529,3,2,0.5133418122566507,S,First,woman,False,Southampton,yes,False,5
342,0,2,male,0.4901960784313726,0,0,0.02537431011154547,S,Second,man,True,Southampton,no,True,0
344,0,2,male,0.6470588235294117,0,0,0.02537431011154547,S,Second,man,True,Southampton,no,True,0
345,1,2,female,0.4117647058823529,0,0,0.02537431011154547,S,Second,woman,False,Southampton,yes,True,0
346,1,2,female,0.7254901960784313,0,0,0.02537431011154547,S,Second,woman,False,Southampton,yes,True,0
347,1,3,female,0.5235121107266435,1,0,0.03142510713814478,S,Third,woman,False,Southampton,yes,False,1
348,1,3,male,0.0,1,1,0.03103473313642869,S,Third,child,False,Southampton,yes,False,2
349,0,3,male,0.7647058823529411,0,0,0.016908073949327897,S,Third,man,True,Southampton,no,True,0
350,0,3,male,0.39215686274509803,0,0,0.018006000829154385,S,Third,man,True,Southampton,no,True,0
351,0,1,male,0.5235121107266435,0,0,0.06831545030031472,S,First,man,True,Southampton,no,True,0
352,0,3,male,0.23529411764705882,1,1,0.014110458666029585,C,Third,child,False,Cherbourg,no,False,2
353,0,3,male,0.4313725490196078,1,0,0.03474328615273149,S,Third,man,True,Southampton,no,False,1
356,1,1,female,0.37254901960784315,0,1,0.10735285047192313,S,First,woman,False,Southampton,yes,False,1
357,0,2,female,0.6862745098039216,0,0,0.02537431011154547,S,Second,woman,False,Southampton,no,True,0
360,0,3,male,0.7254901960784313,1,4,0.05445717323939373,S,Third,man,True,Southampton,no,False,5
361,0,2,male,0.5098039215686274,1,0,0.05410739813385612,C,Second,man,True,Cherbourg,no,False,1
362,0,3,female,0.8235294117647058,0,1,0.028212719478023125,C,Third,woman,False,Cherbourg,no,False,1
363,0,3,male,0.6274509803921569,0,0,0.013760683560491975,S,Third,man,True,Southampton,no,True,0
365,0,3,male,0.5294117647058824,0,0,0.01415105756220806,S,Third,man,True,Southampton,no,True,0
367,1,3,female,0.5235121107266435,0,0,0.014110458666029585,C,Third,woman,False,Cherbourg,yes,True,0
369,1,1,female,0.4117647058823529,0,0,0.13526459159462312,C,First,woman,False,Cherbourg,yes,True,0
370,1,1,male,0.4313725490196078,1,0,0.1082149914547131,C,First,man,True,Cherbourg,yes,False,1
371,0,3,male,0.2941176470588235,1,0,0.012678957201736701,S,Third,man,True,Southampton,no,False,1
372,0,3,male,0.3137254901960784,0,0,0.015712553569072397,S,Third,man,True,Southampton,no,True,0
373,0,1,male,0.37254901960784315,0,0,0.26473857043479065,C,First,man,True,Cherbourg,no,True,0
374,0,3,female,0.0,3,1,0.04113566043083236,S,Third,child,False,Southampton,no,False,4
375,1,1,female,0.5235121107266435,1,0,0.16038672010106003,C,First,woman,False,Cherbourg,yes,False,1
376,1,3,female,0.37254901960784315,0,0,0.01415105756220806,S,Third,woman,False,Southampton,yes,True,0
377,0,1,male,0.47058823529411764,0,2,0.4128205068147589,C,First,man,True,Cherbourg,no,False,2
378,0,3,male,0.3333333333333333,0,0,0.00783187840942895,C,Third,man,True,Cherbourg,no,True,0
379,0,3,male,0.3137254901960784,0,0,0.015175789316712783,S,Third,man,True,Southampton,no,True,0
380,1,1,female,0.7647058823529411,0,0,0.4440992237022602,C,First,woman,False,Cherbourg,yes,True,0
382,0,3,male,0.5686274509803921,0,0,0.015468569817999843,S,Third,man,True,Southampton,no,True,0
383,1,1,female,0.6274509803921569,1,0,0.10149724044618186,S,First,woman,False,Southampton,yes,False,1
385,0,2,male,0.2941176470588235,0,0,0.1434624456306609,S,Second,man,True,Southampton,no,True,0
388,0,3,male,0.5235121107266435,0,0,0.015086393670319796,Q,Third,man,True,Queenstown,no,True,0
389,1,2,female,0.2745098039215686,0,0,0.02342244010296505,C,Second,woman,False,Cherbourg,yes,True,0
390,1,1,male,0.6470588235294117,1,2,0.23422440102965045,S,First,man,True,Southampton,yes,False,3
391,1,3,male,0.3529411764705882,0,0,0.015216388212891258,S,Third,man,True,Southampton,yes,True,0
392,0,3,male,0.4901960784313726,2,0,0.015468569817999843,S,Third,man,True,Southampton,no,False,2
393,1,1,female,0.39215686274509803,1,0,0.2210980752219471,C,First,woman,False,Cherbourg,yes,False,1
394,1,3,female,0.4117647058823529,0,2,0.03259622914329303,S,Third,woman,False,Southampton,yes,False,2
395,0,3,male,0.37254901960784315,0,0,0.015216388212891258,S,Third,man,True,Southampton,no,True,0
396,0,3,female,0.5490196078431372,0,0,0.015330377421392344,S,Third,woman,False,Southampton,no,True,0
397,0,2,male,0.8431372549019608,0,0,0.05074862022309094,S,Second,man,True,Southampton,no,True,0
398,0,2,male,0.39215686274509803,0,0,0.020494635090094422,S,Second,man,True,Southampton,no,True,0
399,1,2,female,0.4901960784313726,0,0,0.024691155608542327,S,Second,woman,False,Southampton,yes,True,0
400,1,3,male,0.7058823529411764,0,0,0.015468569817999843,S,Third,man,True,Southampton,yes,True,0
401,0,3,male,0.4509803921568627,0,0,0.015712553569072397,S,Third,man,True,Southampton,no,True,0
402,0,3,female,0.3529411764705882,1,0,0.01917712283430264,S,Third,woman,False,Southampton,no,False,1
403,0,3,male,0.4901960784313726,1,0,0.030937139635999672,S,Third,man,True,Southampton,no,False,1
404,0,3,female,0.3333333333333333,0,0,0.016908073949327897,S,Third,woman,False,Southampton,no,True,0
405,0,2,male,0.6078431372549019,1,0,0.04098927018018883,S,Second,man,True,Southampton,no,False,1
406,0,3,male,0.9411764705882353,0,0,0.01512699256649827,S,Third,man,True,Southampton,no,True,0
407,1,2,male,0.0,1,1,0.03659756266088289,S,Second,child,False,Southampton,yes,False,2
408,0,3,male,0.3529411764705882,0,0,0.015175789316712783,S,Third,man,True,Southampton,no,True,0
411,0,3,male,0.5235121107266435,0,0,0.013386510079847112,Q,Third,man,True,Queenstown,no,True,0
412,1,1,female,0.5882352941176471,1,0,0.17566830077223783,Q,First,woman,False,Queenstown,yes,False,1
414,1,3,male,0.803921568627451,0,0,0.015468569817999843,S,Third,man,True,Southampton,yes,True,0
415,0,3,female,0.5235121107266435,0,0,0.015712553569072397,S,Third,woman,False,Southampton,no,True,0
416,1,2,female,0.6078431372549019,1,1,0.06343577527886367,S,Second,woman,False,Southampton,yes,False,2
417,1,2,female,0.2941176470588235,0,2,0.02537431011154547,S,Second,woman,False,Southampton,yes,False,2
419,0,3,female,0.13725490196078433,0,2,0.04713766070721716,S,Third,child,False,Southampton,no,False,2
421,0,3,male,0.3529411764705882,0,0,0.015094396337354966,Q,Third,man,True,Queenstown,no,True,0
422,0,3,male,0.5098039215686274,0,0,0.015370976317570818,S,Third,man,True,Southampton,no,True,0
423,0,3,female,0.4901960784313726,1,1,0.028106928123558063,S,Third,woman,False,Southampton,no,False,2
424,0,3,male,0.2941176470588235,1,1,0.03945217254843175,S,Third,man,True,Southampton,no,False,2
426,1,2,female,0.4901960784313726,1,0,0.05074862022309094,S,Second,woman,False,Southampton,yes,False,1
427,1,2,female,0.3137254901960784,0,0,0.05074862022309094,S,Second,woman,False,Southampton,yes,True,0
429,1,3,male,0.5686274509803921,0,0,0.015712553569072397,S,Third,man,True,Southampton,yes,True,0
430,1,1,male,0.4901960784313726,0,0,0.051822148727810165,S,First,man,True,Southampton,yes,True,0
432,1,2,female,0.7647058823529411,1,0,0.05074862022309094,S,Second,woman,False,Southampton,yes,False,1
433,0,3,male,0.2745098039215686,0,0,0.013907073811135512,S,Third,man,True,Southampton,no,True,0
434,0,1,male,0.9215686274509803,1,0,0.1091095334796455,S,First,man,True,Southampton,no,False,1
435,1,1,female,0.21568627450980393,1,2,0.23422440102965045,S,First,child,False,Southampton,yes,False,3
436,0,3,female,0.3529411764705882,2,2,0.06709553154495196,S,Third,woman,False,Southampton,no,False,4
437,1,2,female,0.4117647058823529,2,3,0.03659756266088289,S,Second,woman,False,Southampton,yes,False,5
439,0,2,male,0.5490196078431372,0,0,0.020494635090094422,S,Second,man,True,Southampton,no,True,0
440,1,2,female,0.8235294117647058,1,1,0.05123658772523604,S,Second,woman,False,Southampton,yes,False,2
441,0,3,male,0.3333333333333333,0,0,0.018542765081514,S,Third,man,True,Southampton,no,True,0
442,0,3,male,0.4313725490196078,1,0,0.015175789316712783,S,Third,man,True,Southampton,no,False,1
443,1,2,female,0.4901960784313726,0,0,0.02537431011154547,S,Second,woman,False,Southampton,yes,True,0
444,1,3,male,0.5235121107266435,0,0,0.015834545444608668,S,Third,man,True,Southampton,yes,True,0
445,1,1,male,0.019607843137254943,0,2,0.1597767607233786,S,First,child,False,Southampton,yes,False,2
446,1,2,female,0.196078431372549,0,1,0.038061465167318204,S,Second,child,False,Southampton,yes,False,1
447,1,1,male,0.6078431372549019,0,0,0.051822148727810165,S,First,man,True,Southampton,yes,True,0
448,1,3,female,0.039215686274509776,2,1,0.03758969818624431,C,Third,child,False,Cherbourg,yes,False,3
449,1,1,male,0.9607843137254901,0,0,0.05953203526170282,S,First,man,True,Southampton,yes,True,0
450,0,2,male,0.6470588235294117,1,2,0.05416439273810667,S,Second,man,True,Southampton,no,False,3
451,0,3,male,0.5235121107266435,1,0,0.03897240290032269,S,Third,man,True,Southampton,no,False,1
452,0,1,male,0.5294117647058824,0,0,0.05416439273810667,C,First,man,True,Cherbourg,no,True,0
453,1,1,male,0.9019607843137255,1,0,0.1739198156185515,C,First,man,True,Cherbourg,yes,False,1
455,1,3,male,0.5098039215686274,0,0,0.015411575213749293,C,Third,man,True,Cherbourg,yes,True,0
457,1,1,female,0.5235121107266435,1,0,0.10122885832000206,S,First,woman,False,Southampton,yes,False,1
458,1,2,female,0.9215686274509803,0,0,0.020494635090094422,S,Second,woman,False,Southampton,yes,True,0
460,1,1,male,0.8823529411764706,0,0,0.051822148727810165,S,First,man,True,Southampton,yes,True,0
461,0,3,male,0.6078431372549019,0,0,0.015712553569072397,S,Third,man,True,Southampton,no,True,0
462,0,1,male,0.8627450980392156,0,0,0.07514699533034619,S,First,man,True,Southampton,no,True,0
463,0,2,male,0.8823529411764706,0,0,0.02537431011154547,S,Second,man,True,Southampton,no,True,0
465,0,3,male,0.6862745098039216,0,0,0.013760683560491975,S,Third,man,True,Southampton,no,True,0
468,0,3,male,0.5235121107266435,0,0,0.015078195816283758,Q,Third,man,True,Queenstown,no,True,0
471,0,3,male,0.6862745098039216,0,0,0.016908073949327897,S,Third,man,True,Southampton,no,True,0
472,1,2,female,0.5882352941176471,1,2,0.05416439273810667,S,Second,woman,False,Southampton,yes,False,3
473,1,2,female,0.39215686274509803,0,0,0.026919605597338588,C,Second,woman,False,Cherbourg,yes,True,0
474,0,3,female,0.37254901960784315,0,0,0.0192015212094099,S,Third,woman,False,Southampton,no,True,0
475,0,1,male,0.5235121107266435,0,0,0.10149724044618186,S,First,man,True,Southampton,no,True,0
477,0,3,male,0.5098039215686274,1,0,0.013752485706455937,S,Third,man,True,Southampton,no,False,1
478,0,3,male,0.37254901960784315,0,0,0.014679623960531636,S,Third,man,True,Southampton,no,True,0
480,0,3,male,0.11764705882352938,5,2,0.09154270340242172,S,Third,child,False,Southampton,no,False,7
482,0,3,male,0.9215686274509803,0,0,0.015712553569072397,S,Third,man,True,Southampton,no,True,0
484,1,1,male,0.4313725490196078,1,0,0.17777475888549782,C,First,man,True,Cherbourg,yes,False,1
486,1,1,female,0.6274509803921569,1,0,0.17566830077223783,S,First,woman,False,Southampton,yes,False,1
489,1,3,male,0.11764705882352938,1,1,0.03103473313642869,S,Third,child,False,Southampton,yes,False,2
491,0,3,male,0.3529411764705882,0,0,0.01415105756220806,S,Third,man,True,Southampton,no,True,0
495,0,3,male,0.5235121107266435,0,0,0.028220722145058295,C,Third,man,True,Cherbourg,no,True,0
496,1,1,female,1.0,1,0,0.1527664244005612,C,First,woman,False,Cherbourg,yes,False,1
497,0,3,male,0.5235121107266435,0,0,0.029473237129564345,S,Third,man,True,Southampton,no,True,0
498,0,1,female,0.4313725490196078,1,2,0.29580589980036276,S,First,woman,False,Southampton,no,False,3
499,0,3,male,0.4117647058823529,0,0,0.015216388212891258,S,Third,man,True,Southampton,no,True,0
501,0,3,female,0.3529411764705882,0,0,0.01512699256649827,Q,Third,woman,False,Queenstown,no,True,0
502,0,3,female,0.5235121107266435,0,0,0.014891206669461747,Q,Third,woman,False,Queenstown,no,True,0
503,0,3,female,0.6666666666666666,0,0,0.01871355370726479,S,Third,woman,False,Southampton,no,True,0
504,1,1,female,0.2549019607843137,0,0,0.16883675574220636,S,First,woman,False,Southampton,yes,True,0
505,0,1,male,0.2941176470588235,1,0,0.2125586439344078,C,First,man,True,Cherbourg,no,False,1
506,1,2,female,0.5882352941176471,0,2,0.05074862022309094,S,Second,woman,False,Southampton,yes,False,2
507,1,1,male,0.5235121107266435,0,0,0.051822148727810165,S,First,man,True,Southampton,yes,True,0
508,0,3,male,0.4901960784313726,0,0,0.043965871943273976,S,Third,man,True,Southampton,no,True,0
509,1,3,male,0.4509803921568627,0,0,0.11027245763075771,S,Third,man,True,Southampton,yes,True,0
510,1,3,male,0.5098039215686274,0,0,0.01512699256649827,Q,Third,man,True,Queenstown,yes,True,0
512,1,1,male,0.6470588235294117,0,0,0.05130978285055781,S,First,man,True,Southampton,yes,True,0
513,1,1,female,1.0,1,0,0.11594107850967697,C,First,woman,False,Cherbourg,yes,False,1
514,0,3,male,0.4117647058823529,0,0,0.014630827210317124,S,Third,man,True,Southampton,no,True,0
515,0,1,male,0.8627450980392156,0,0,0.06640417918791278,S,First,man,True,Southampton,no,True,0
516,1,2,female,0.6078431372549019,0,0,0.020494635090094422,S,Second,woman,False,Southampton,yes,True,0
517,0,3,male,0.5235121107266435,0,0,0.04713766070721716,Q,Third,man,True,Queenstown,no,True,0
518,1,2,female,0.6470588235294117,1,0,0.05074862022309094,S,Second,woman,False,Southampton,yes,False,1
519,0,3,male,0.5686274509803921,0,0,0.015411575213749293,S,Third,man,True,Southampton,no,True,0
520,1,1,female,0.5294117647058824,0,0,0.1824998458022693,S,First,woman,False,Southampton,yes,True,0
523,1,1,female,0.803921568627451,0,1,0.1131678616014859,C,First,woman,False,Cherbourg,yes,False,1
524,0,3,male,0.5235121107266435,0,0,0.014110458666029585,C,Third,man,True,Cherbourg,no,True,0
525,0,3,male,0.7352941176470588,0,0,0.01512699256649827,Q,Third,man,True,Queenstown,no,True,0
527,0,1,male,0.5235121107266435,0,0,0.4328841690069588,S,First,man,True,Southampton,no,True,0
528,0,3,male,0.7058823529411764,0,0,0.015468569817999843,S,Third,man,True,Southampton,no,True,0
529,0,2,male,0.39215686274509803,2,1,0.022446505098674845,S,Second,man,True,Southampton,no,False,3
532,0,3,male,0.2745098039215686,1,1,0.014110458666029585,C,Third,man,True,Cherbourg,no,False,2
533,1,3,female,0.5235121107266435,0,2,0.04364049521284362,C,Third,woman,False,Cherbourg,yes,False,2
534,0,3,female,0.5294117647058824,0,0,0.016908073949327897,S,Third,woman,False,Southampton,no,True,0
535,1,2,female,0.0784313725490196,0,2,0.05123658772523604,S,Second,child,False,Southampton,yes,False,2
536,0,1,male,0.8235294117647058,0,0,0.051822148727810165,S,First,man,True,Southampton,no,True,0
537,1,1,female,0.5294117647058824,0,0,0.20772776566317122,C,First,woman,False,Cherbourg,yes,True,0
538,0,3,male,0.5235121107266435,0,0,0.028302115124416105,S,Third,man,True,Southampton,no,True,0
539,1,1,female,0.37254901960784315,0,2,0.09661756542473082,C,First,woman,False,Cherbourg,yes,False,2
540,1,1,female,0.6470588235294117,0,2,0.13858277060920987,S,First,woman,False,Southampton,yes,False,2
541,0,3,female,0.11764705882352938,4,2,0.06104473451835265,S,Third,child,False,Southampton,no,False,6
542,0,3,female,0.1568627450980392,4,2,0.06104473451835265,S,Third,child,False,Southampton,no,False,6
543,1,2,male,0.5686274509803921,1,0,0.05074862022309094,S,Second,man,True,Southampton,yes,False,1
544,0,1,male,0.9215686274509803,1,0,0.20772776566317122,C,First,man,True,Cherbourg,no,False,1
546,1,2,female,0.3137254901960784,1,0,0.05074862022309094,S,Second,woman,False,Southampton,yes,False,1
547,1,2,male,0.5235121107266435,0,0,0.027057797993946087,C,Second,man,True,Cherbourg,yes,True,0
548,0,3,male,0.5882352941176471,1,1,0.04006213192611313,S,Third,man,True,Southampton,no,False,2
549,1,2,male,0.0980392156862745,1,1,0.07173122281533045,S,Second,child,False,Southampton,yes,False,2
550,1,1,male,0.2745098039215686,0,2,0.21642978772242533,C,First,man,True,Cherbourg,yes,False,2
551,0,2,male,0.47058823529411764,0,0,0.05074862022309094,S,Second,man,True,Southampton,no,True,0
552,0,3,male,0.5235121107266435,0,0,0.015281580671177832,Q,Third,man,True,Queenstown,no,True,0
553,1,3,male,0.37254901960784315,0,0,0.014102260811993547,C,Third,man,True,Cherbourg,yes,True,0
554,1,3,female,0.37254901960784315,0,0,0.015175789316712783,S,Third,woman,False,Southampton,yes,True,0
556,1,1,female,0.8823529411764706,1,0,0.07729405233978466,C,First,woman,False,Cherbourg,yes,False,1
557,0,1,male,0.5235121107266435,0,0,0.4440992237022602,C,First,man,True,Cherbourg,no,True,0
558,1,1,female,0.7058823529411764,1,1,0.15546644618343047,S,First,woman,False,Southampton,yes,False,2
559,1,3,female,0.6470588235294117,1,0,0.033962538149299316,S,Third,woman,False,Southampton,yes,False,1
561,0,3,male,0.7254901960784313,0,0,0.015411575213749293,S,Third,man,True,Southampton,no,True,0
562,0,2,male,0.4901960784313726,0,0,0.026350245115835683,S,Second,man,True,Southampton,no,True,0
565,0,3,male,0.4117647058823529,2,0,0.04713766070721716,S,Third,man,True,Southampton,no,False,2
566,0,3,male,0.3137254901960784,0,0,0.015411575213749293,S,Third,man,True,Southampton,no,True,0
567,0,3,female,0.5098039215686274,0,4,0.04113566043083236,S,Third,woman,False,Southampton,no,False,4
569,1,3,male,0.5686274509803921,0,0,0.015330377421392344,S,Third,man,True,Southampton,yes,True,0
571,1,1,female,0.9803921568627452,2,0,0.10048070654571317,S,First,woman,False,Southampton,yes,False,2
572,1,1,male,0.6470588235294117,0,0,0.051504969851415845,S,First,man,True,Southampton,yes,True,0
574,0,3,male,0.2549019607843137,0,0,0.015712553569072397,S,Third,man,True,Southampton,no,True,0
575,0,3,male,0.3137254901960784,0,0,0.028302115124416105,S,Third,man,True,Southampton,no,True,0
576,1,2,female,0.6078431372549019,0,0,0.02537431011154547,S,Second,woman,False,Southampton,yes,True,0
577,1,1,female,0.7058823529411764,1,0,0.1091095334796455,S,First,woman,False,Southampton,yes,False,1
578,0,3,female,0.5235121107266435,1,0,0.028220722145058295,C,Third,woman,False,Cherbourg,no,False,1
579,1,3,male,0.5686274509803921,0,0,0.015468569817999843,S,Third,man,True,Southampton,yes,True,0
580,1,2,female,0.4313725490196078,1,1,0.05855610025741262,S,Second,woman,False,Southampton,yes,False,2
581,1,1,female,0.7058823529411764,1,1,0.21642978772242533,C,First,woman,False,Cherbourg,yes,False,2
582,0,2,male,1.0,0,0,0.05074862022309094,S,Second,man,True,Southampton,no,True,0
583,0,1,male,0.6470588235294117,0,0,0.07831878409428937,C,First,man,True,Cherbourg,no,True,0
584,0,3,male,0.5235121107266435,0,0,0.01700566744975692,C,Third,man,True,Cherbourg,no,True,0
585,1,1,female,0.2941176470588235,0,2,0.15546644618343047,S,First,woman,False,Southampton,yes,False,2
586,0,2,male,0.8627450980392156,0,0,0.029278050128706316,S,Second,man,True,Southampton,no,True,0
590,0,3,male,0.6274509803921569,0,0,0.013907073811135512,S,Third,man,True,Southampton,no,True,0
591,1,1,female,0.9607843137254901,1,0,0.1527664244005612,C,First,woman,False,Cherbourg,yes,False,1
592,0,3,male,0.8627450980392156,0,0,0.01415105756220806,S,Third,man,True,Southampton,no,True,0
593,0,3,female,0.5235121107266435,0,2,0.01512699256649827,Q,Third,woman,False,Queenstown,no,False,2
594,0,2,male,0.6666666666666666,1,0,0.05074862022309094,S,Second,man,True,Southampton,no,False,1
595,0,3,male,0.6470588235294117,1,1,0.04713766070721716,S,Third,man,True,Southampton,no,False,2
596,1,2,female,0.5235121107266435,0,0,0.06441171028315387,S,Second,woman,False,Southampton,yes,True,0
597,0,3,male,0.9019607843137255,0,0,0.0,S,Third,man,True,Southampton,no,True,0
599,1,1,male,0.9019607843137255,1,0,0.11111839809247648,C,First,man,True,Cherbourg,yes,False,1
600,1,2,female,0.4117647058823529,2,1,0.05270049023167135,S,Second,woman,False,Southampton,yes,False,3
602,0,1,male,0.5235121107266435,0,0,0.08275928836380983,S,First,man,True,Southampton,no,True,0
603,0,3,male,0.803921568627451,0,0,0.015712553569072397,S,Third,man,True,Southampton,no,True,0
604,1,1,male,0.6274509803921569,0,0,0.051822148727810165,C,First,man,True,Cherbourg,yes,True,0
605,0,3,male,0.6470588235294117,1,0,0.030351578633425545,S,Third,man,True,Southampton,no,False,1
606,0,3,male,0.5294117647058824,0,0,0.015411575213749293,S,Third,man,True,Southampton,no,True,0
607,1,1,male,0.47058823529411764,0,0,0.05953203526170282,S,First,man,True,Southampton,yes,True,0
608,1,2,female,0.37254901960784315,1,2,0.08115719346076702,C,Second,woman,False,Cherbourg,yes,False,3
609,1,1,female,0.7254901960784313,0,0,0.29953885119177276,S,First,woman,False,Southampton,yes,True,0
610,0,3,female,0.7058823529411764,1,5,0.06104473451835265,S,Third,woman,False,Southampton,no,False,6
611,0,3,male,0.5235121107266435,0,0,0.013760683560491975,S,Third,man,True,Southampton,no,True,0
615,1,2,female,0.4117647058823529,1,2,0.12687155055772734,S,Second,woman,False,Southampton,yes,False,3
616,0,3,male,0.6078431372549019,1,1,0.028106928123558063,S,Third,man,True,Southampton,no,False,2
617,0,3,female,0.4509803921568627,1,0,0.03142510713814478,S,Third,woman,False,Southampton,no,False,1
618,1,2,female,0.019607843137254943,2,1,0.07612293033463641,S,Second,child,False,Southampton,yes,False,3
619,0,2,male,0.4509803921568627,0,0,0.020494635090094422,S,Second,man,True,Southampton,no,True,0
620,0,3,male,0.47058823529411764,1,0,0.028212719478023125,C,Third,man,True,Cherbourg,no,False,1
621,1,1,male,0.7647058823529411,1,0,0.10257896680493714,S,First,man,True,Southampton,yes,False,1
622,1,3,male,0.3333333333333333,1,1,0.030725752114070408,C,Third,man,True,Cherbourg,yes,False,2
623,0,3,male,0.3529411764705882,0,0,0.015330377421392344,S,Third,man,True,Southampton,no,True,0
624,0,3,male,0.3529411764705882,0,0,0.03142510713814478,S,Third,man,True,Southampton,no,True,0
627,1,1,female,0.3529411764705882,0,0,0.15216446768991498,S,First,woman,False,Southampton,yes,True,0
628,0,3,male,0.4509803921568627,0,0,0.015411575213749293,S,Third,man,True,Southampton,no,True,0
629,0,3,male,0.5235121107266435,0,0,0.015094396337354966,Q,Third,man,True,Queenstown,no,True,0
631,0,3,male,0.9411764705882353,0,0,0.013768881414528006,S,Third,man,True,Southampton,no,True,0
632,1,1,male,0.5686274509803921,0,0,0.05953203526170282,C,First,man,True,Cherbourg,yes,True,0
633,0,1,male,0.5235121107266435,0,0,0.0,S,First,man,True,Southampton,no,True,0
634,0,3,female,0.11764705882352938,3,2,0.05445717323939373,S,Third,child,False,Southampton,no,False,5
637,0,2,male,0.5490196078431372,1,1,0.05123658772523604,S,Second,man,True,Southampton,no,False,2
638,0,3,female,0.7450980392156863,0,5,0.07746484096553544,S,Third,woman,False,Southampton,no,False,5
639,0,3,male,0.5235121107266435,1,0,0.03142510713814478,S,Third,man,True,Southampton,no,False,1
643,1,3,male,0.5235121107266435,0,0,0.11027245763075771,S,Third,man,True,Southampton,yes,True,0
645,1,1,male,0.8823529411764706,1,0,0.14976542426236877,C,First,man,True,Cherbourg,yes,False,1
648,0,3,male,0.5235121107266435,0,0,0.01473661856478218,S,Third,man,True,Southampton,no,True,0
649,1,3,female,0.39215686274509803,0,0,0.01473661856478218,S,Third,woman,False,Southampton,yes,True,0
651,1,2,female,0.2941176470588235,0,1,0.044893010197349675,S,Second,woman,False,Southampton,yes,False,1
652,0,3,male,0.3529411764705882,0,0,0.01646070534336127,S,Third,man,True,Southampton,no,True,0
653,1,3,female,0.5235121107266435,0,0,0.015281580671177832,Q,Third,woman,False,Queenstown,yes,True,0
654,0,3,female,0.2941176470588235,0,0,0.013175122557917834,Q,Third,woman,False,Queenstown,no,True,0
655,0,2,male,0.4117647058823529,2,0,0.1434624456306609,S,Second,man,True,Southampton,no,False,2
657,0,3,female,0.5686274509803921,1,1,0.03025398513299652,Q,Third,woman,False,Queenstown,no,False,2
658,0,2,male,0.39215686274509803,0,0,0.02537431011154547,S,Second,man,True,Southampton,no,True,0
660,1,1,male,0.9215686274509803,2,0,0.2608674266467732,S,First,man,True,Southampton,yes,False,2
661,0,3,male,0.7254901960784313,0,0,0.014102260811993547,C,Third,man,True,Cherbourg,no,True,0
662,0,1,male,0.8627450980392156,0,0,0.049943473844551514,S,First,man,True,Southampton,no,True,0
663,0,3,male,0.6470588235294117,0,0,0.014630827210317124,S,Third,man,True,Southampton,no,True,0
664,1,3,male,0.3333333333333333,1,0,0.015468569817999843,S,Third,man,True,Southampton,yes,False,1
665,0,2,male,0.5686274509803921,2,0,0.1434624456306609,S,Second,man,True,Southampton,no,False,2
667,0,3,male,0.5235121107266435,0,0,0.015175789316712783,S,Third,man,True,Southampton,no,True,0
668,0,3,male,0.7843137254901961,0,0,0.015712553569072397,S,Third,man,True,Southampton,no,True,0
669,1,1,female,0.5235121107266435,1,0,0.10149724044618186,S,First,woman,False,Southampton,yes,False,1
670,1,2,female,0.7254901960784313,1,1,0.07612293033463641,S,Second,woman,False,Southampton,yes,False,2
671,0,1,male,0.5490196078431372,1,0,0.10149724044618186,S,First,man,True,Southampton,no,False,1
673,1,2,male,0.5490196078431372,0,0,0.02537431011154547,S,Second,man,True,Southampton,yes,True,0
675,0,3,male,0.2941176470588235,0,0,0.015175789316712783,S,Third,man,True,Southampton,no,True,0
676,0,3,male,0.4215686274509804,0,0,0.015712553569072397,S,Third,man,True,Southampton,no,True,0
677,1,3,female,0.2941176470588235,0,0,0.01920971906344593,S,Third,woman,False,Southampton,yes,True,0
678,0,3,female,0.7843137254901961,1,6,0.09154270340242172,S,Third,woman,False,Southampton,no,False,7
679,1,1,male,0.6470588235294117,0,1,0.9999999999999999,C,First,man,True,Cherbourg,yes,False,1
680,0,3,female,0.5235121107266435,0,0,0.015883342194823173,Q,Third,woman,False,Queenstown,no,True,0
681,1,1,male,0.47058823529411764,0,0,0.14976542426236877,C,First,man,True,Cherbourg,yes,True,0
682,0,3,male,0.3333333333333333,0,0,0.018006000829154385,S,Third,man,True,Southampton,no,True,0
683,0,3,male,0.21568627450980393,5,2,0.09154270340242172,S,Third,child,False,Southampton,no,False,7
685,0,2,male,0.4313725490196078,1,2,0.08115719346076702,C,Second,man,True,Cherbourg,no,False,3
686,0,3,male,0.21568627450980393,4,1,0.07746484096553544,S,Third,child,False,Southampton,no,False,5
687,0,3,male,0.3137254901960784,0,0,0.019852079483269745,S,Third,man,True,Southampton,no,True,0
688,0,3,male,0.2941176470588235,0,0,0.015216388212891258,S,Third,man,True,Southampton,no,True,0
689,1,1,female,0.23529411764705882,0,1,0.41250332793836464,S,First,child,False,Southampton,yes,False,1
690,1,1,male,0.5490196078431372,1,0,0.11125659048908396,S,First,man,True,Southampton,yes,False,1
691,1,3,female,0.019607843137254943,0,1,0.026187654344120938,C,Third,child,False,Cherbourg,yes,False,1
693,0,3,male,0.4313725490196078,0,0,0.014102260811993547,C,Third,man,True,Cherbourg,no,True,0
695,0,2,male,0.9607843137254901,0,0,0.026350245115835683,S,Second,man,True,Southampton,no,True,0
697,1,3,female,0.5235121107266435,0,0,0.015094396337354966,Q,Third,woman,False,Queenstown,yes,True,0
698,0,1,male,0.9019607843137255,1,1,0.21642978772242533,C,First,man,True,Cherbourg,no,False,2
699,0,3,male,0.7647058823529411,0,0,0.014931805565640228,S,Third,man,True,Southampton,no,True,0
700,1,1,female,0.2941176470588235,1,0,0.4440992237022602,C,First,woman,False,Cherbourg,yes,False,1
701,1,1,male,0.6274509803921569,0,0,0.05130978285055781,S,First,man,True,Southampton,yes,True,0
702,0,3,female,0.2941176470588235,0,1,0.028212719478023125,C,Third,woman,False,Cherbourg,no,False,1
703,0,3,male,0.4313725490196078,0,0,0.015110792045427042,Q,Third,man,True,Queenstown,no,True,0
704,0,3,male,0.4509803921568627,1,0,0.015330377421392344,S,Third,man,True,Southampton,no,False,1
705,0,2,male,0.7058823529411764,0,0,0.05074862022309094,S,Second,man,True,Southampton,no,True,0
706,1,2,female,0.8235294117647058,0,0,0.026350245115835683,S,Second,woman,False,Southampton,yes,True,0
707,1,1,male,0.7647058823529411,0,0,0.05130978285055781,S,First,man,True,Southampton,yes,True,0
708,1,1,female,0.37254901960784315,0,0,0.29580589980036276,S,First,woman,False,Southampton,yes,True,0
710,1,1,female,0.4117647058823529,0,0,0.09662576327876685,C,First,woman,False,Cherbourg,yes,True,0
711,0,1,male,0.5235121107266435,0,0,0.051822148727810165,S,First,man,True,Southampton,no,True,0
712,1,1,male,0.8823529411764706,1,0,0.10149724044618186,S,First,man,True,Southampton,yes,False,1
713,0,3,male,0.5098039215686274,0,0,0.01851016885237071,S,Third,man,True,Southampton,no,True,0
714,0,2,male,0.9607843137254901,0,0,0.02537431011154547,S,Second,man,True,Southampton,no,True,0
715,0,3,male,0.3137254901960784,0,0,0.014931805565640228,S,Third,man,True,Southampton,no,True,0
716,1,1,female,0.6862745098039216,0,0,0.4440992237022602,C,First,woman,False,Cherbourg,yes,True,0
717,1,2,female,0.47058823529411764,0,0,0.020494635090094422,S,Second,woman,False,Southampton,yes,True,0
718,0,3,male,0.5235121107266435,0,0,0.03025398513299652,Q,Third,man,True,Queenstown,no,True,0
719,0,3,male,0.5882352941176471,0,0,0.015175789316712783,S,Third,man,True,Southampton,no,True,0
720,1,2,female,0.058823529411764774,0,1,0.06441171028315387,S,Second,child,False,Southampton,yes,False,1
721,0,3,male,0.2745098039215686,1,0,0.013768881414528006,S,Third,man,True,Southampton,no,False,1
722,0,2,male,0.6078431372549019,0,0,0.02537431011154547,S,Second,man,True,Southampton,no,True,0
723,0,2,male,0.9215686274509803,0,0,0.02537431011154547,S,Second,man,True,Southampton,no,True,0
724,1,1,male,0.47058823529411764,1,0,0.10364429745562032,S,First,man,True,Southampton,yes,False,1
725,0,3,male,0.3333333333333333,0,0,0.016908073949327897,S,Third,man,True,Southampton,no,True,0
726,1,2,female,0.5294117647058824,3,0,0.04098927018018883,S,Second,woman,False,Southampton,yes,False,3
727,1,3,female,0.5235121107266435,0,0,0.015102594191391004,Q,Third,woman,False,Queenstown,yes,True,0
728,0,2,male,0.4313725490196078,1,0,0.05074862022309094,S,Second,man,True,Southampton,no,False,1
729,0,3,female,0.4313725490196078,1,0,0.015468569817999843,S,Third,woman,False,Southampton,no,False,1
730,1,1,female,0.5098039215686274,0,0,0.41250332793836464,S,First,woman,False,Southampton,yes,True,0
731,0,3,male,0.1568627450980392,0,0,0.03667075778620466,C,Third,child,False,Cherbourg,no,True,0
735,0,3,male,0.5,0,0,0.03142510713814478,S,Third,man,True,Southampton,no,True,0
736,0,3,female,0.8823529411764706,1,3,0.06709553154495196,S,Third,woman,False,Southampton,no,False,4
737,1,1,male,0.6274509803921569,0,0,0.9999999999999999,C,First,man,True,Cherbourg,yes,True,0
740,1,1,male,0.5235121107266435,0,0,0.05855610025741262,S,First,man,True,Southampton,yes,True,0
741,0,1,male,0.6470588235294117,1,0,0.15390495017656614,S,First,man,True,Southampton,no,False,1
742,1,1,female,0.3529411764705882,2,2,0.5121218935012878,C,First,woman,False,Cherbourg,yes,False,4
743,0,3,male,0.4117647058823529,1,0,0.03142510713814478,S,Third,man,True,Southampton,no,False,1
744,1,3,male,0.5490196078431372,0,0,0.015468569817999843,S,Third,man,True,Southampton,yes,True,0
746,0,3,male,0.2549019607843137,1,1,0.03952536767375352,S,Third,man,True,Southampton,no,False,2
747,1,2,female,0.5294117647058824,0,0,0.02537431011154547,S,Second,woman,False,Southampton,yes,True,0
748,0,1,male,0.3137254901960784,1,0,0.10364429745562032,S,First,man,True,Southampton,no,False,1
749,0,3,male,0.5490196078431372,0,0,0.01512699256649827,Q,Third,man,True,Queenstown,no,True,0
750,1,2,female,0.019607843137254943,1,1,0.044893010197349675,S,Second,child,False,Southampton,yes,False,2
751,1,3,male,0.058823529411764774,0,1,0.024349578357040748,S,Third,child,False,Southampton,yes,False,1
752,0,3,male,0.5882352941176471,0,0,0.018542765081514,S,Third,man,True,Southampton,no,True,0
753,0,3,male,0.39215686274509803,0,0,0.015411575213749293,S,Third,man,True,Southampton,no,True,0
754,1,2,female,0.8823529411764706,1,2,0.12687155055772734,S,Second,woman,False,Southampton,yes,False,3
756,0,3,male,0.4901960784313726,0,0,0.015216388212891258,S,Third,man,True,Southampton,no,True,0
759,1,1,female,0.5882352941176471,0,0,0.16883675574220636,S,First,woman,False,Southampton,yes,True,0
761,0,3,male,0.7450980392156863,0,0,0.013907073811135512,S,Third,man,True,Southampton,no,True,0
762,1,3,male,0.3333333333333333,0,0,0.014110458666029585,C,Third,man,True,Cherbourg,yes,True,0
763,1,1,female,0.6470588235294117,1,2,0.23422440102965045,S,First,woman,False,Southampton,yes,False,3
764,0,3,male,0.2549019607843137,0,0,0.015175789316712783,S,Third,man,True,Southampton,no,True,0
765,1,1,female,0.9411764705882353,1,0,0.15216446768991498,S,First,woman,False,Southampton,yes,False,1
766,0,1,male,0.5235121107266435,0,0,0.07729405233978466,C,First,man,True,Cherbourg,no,True,0
767,0,3,female,0.5392156862745098,0,0,0.01512699256649827,Q,Third,woman,False,Queenstown,no,True,0
768,0,3,male,0.5235121107266435,1,0,0.04713766070721716,Q,Third,man,True,Queenstown,no,False,1
769,0,3,male,0.5686274509803921,0,0,0.016322512946753777,S,Third,man,True,Southampton,no,True,0
770,0,3,male,0.4117647058823529,0,0,0.018542765081514,S,Third,man,True,Southampton,no,True,0
771,0,3,male,0.8823529411764706,0,0,0.015330377421392344,S,Third,man,True,Southampton,no,True,0
774,1,2,female,1.0,1,3,0.044893010197349675,S,Second,woman,False,Southampton,yes,False,4
775,0,3,male,0.2941176470588235,0,0,0.01512699256649827,S,Third,man,True,Southampton,no,True,0
777,1,3,female,0.039215686274509776,0,0,0.024349578357040748,S,Third,child,False,Southampton,yes,True,0
778,0,3,male,0.5235121107266435,0,0,0.015102594191391004,Q,Third,man,True,Queenstown,no,True,0
779,1,1,female,0.7843137254901961,0,1,0.41250332793836464,S,First,woman,False,Southampton,yes,False,1
780,1,3,female,0.196078431372549,0,0,0.014110458666029585,C,Third,child,False,Cherbourg,yes,True,0
781,1,1,female,0.2745098039215686,1,0,0.11125659048908396,S,First,woman,False,Southampton,yes,False,1
782,0,1,male,0.5098039215686274,0,0,0.05855610025741262,S,First,man,True,Southampton,no,True,0
783,0,3,male,0.5235121107266435,1,2,0.04577135170121087,S,Third,man,True,Southampton,no,False,3
784,0,3,male,0.4313725490196078,0,0,0.013760683560491975,S,Third,man,True,Southampton,no,True,0
785,0,3,male,0.4313725490196078,0,0,0.01415105756220806,S,Third,man,True,Southampton,no,True,0
786,1,3,female,0.2941176470588235,0,0,0.014630827210317124,S,Third,woman,False,Southampton,yes,True,0
787,0,3,male,0.0980392156862745,4,1,0.05684821399990475,Q,Third,child,False,Queenstown,no,False,5
789,0,1,male,0.8431372549019608,0,0,0.1545881046795693,C,First,man,True,Cherbourg,no,True,0
791,0,2,male,0.2549019607843137,0,0,0.05074862022309094,S,Second,man,True,Southampton,no,True,0
793,0,1,male,0.5235121107266435,0,0,0.05991421140938287,C,First,man,True,Cherbourg,no,True,0
794,0,3,male,0.4313725490196078,0,0,0.015411575213749293,S,Third,man,True,Southampton,no,True,0
795,0,2,male,0.7058823529411764,0,0,0.02537431011154547,S,Second,man,True,Southampton,no,True,0
796,1,1,female,0.9019607843137255,0,0,0.05061042782648345,S,First,woman,False,Southampton,yes,True,0
797,1,3,female,0.5490196078431372,0,0,0.01694867284550637,S,Third,woman,False,Southampton,yes,True,0
798,0,3,male,0.5294117647058824,0,0,0.014110458666029585,C,Third,man,True,Cherbourg,no,True,0
799,0,3,female,0.5294117647058824,1,1,0.04713766070721716,S,Third,woman,False,Southampton,no,False,2
801,1,2,female,0.5490196078431372,1,1,0.05123658772523604,S,Second,woman,False,Southampton,yes,False,2
802,1,1,male,0.1568627450980392,1,2,0.23422440102965045,S,First,child,False,Southampton,yes,False,3
804,1,3,male,0.47058823529411764,0,0,0.013614293309848438,S,Third,man,True,Southampton,yes,True,0
805,0,3,male,0.5490196078431372,0,0,0.015175789316712783,S,Third,man,True,Southampton,no,True,0
806,0,1,male,0.7058823529411764,0,0,0.0,S,First,man,True,Southampton,no,True,0
807,0,3,female,0.2941176470588235,0,0,0.015175789316712783,S,Third,woman,False,Southampton,no,True,0
809,1,1,female,0.5882352941176471,1,0,0.10364429745562032,S,First,woman,False,Southampton,yes,False,1
810,0,3,male,0.4509803921568627,0,0,0.015395374692678078,S,Third,man,True,Southampton,no,True,0
811,0,3,male,0.7058823529411764,0,0,0.04713766070721716,S,Third,man,True,Southampton,no,True,0
812,0,2,male,0.6274509803921569,0,0,0.020494635090094422,S,Second,man,True,Southampton,no,True,0
813,0,3,female,0.058823529411764774,4,2,0.06104473451835265,S,Third,child,False,Southampton,no,False,6
814,0,3,male,0.5392156862745098,0,0,0.015712553569072397,S,Third,man,True,Southampton,no,True,0
816,0,3,female,0.39215686274509803,0,0,0.015468569817999843,S,Third,woman,False,Southampton,no,True,0
817,0,2,male,0.5490196078431372,1,1,0.07222738817151159,C,Second,man,True,Cherbourg,no,False,2
818,0,3,male,0.7843137254901961,0,0,0.012589561555343722,S,Third,man,True,Southampton,no,True,0
819,0,3,male,0.13725490196078433,3,2,0.05445717323939373,S,Third,child,False,Southampton,no,False,5
820,1,1,female,0.9607843137254901,1,1,0.1824998458022693,S,First,woman,False,Southampton,yes,False,2
821,1,3,male,0.47058823529411764,0,0,0.016908073949327897,S,Third,man,True,Southampton,yes,True,0
822,0,1,male,0.6862745098039216,0,0,0.0,S,First,man,True,Southampton,no,True,0
823,1,3,female,0.47058823529411764,0,1,0.024349578357040748,S,Third,woman,False,Southampton,yes,False,1
825,0,3,male,0.5235121107266435,0,0,0.013565496559633926,Q,Third,man,True,Queenstown,no,True,0
826,0,3,male,0.5235121107266435,0,0,0.11027245763075771,S,Third,man,True,Southampton,no,True,0
828,1,3,male,0.5235121107266435,0,0,0.01512699256649827,Q,Third,man,True,Queenstown,yes,True,0
830,1,3,female,0.23529411764705882,1,0,0.028212719478023125,C,Third,child,False,Cherbourg,yes,False,1
833,0,3,male,0.39215686274509803,0,0,0.015330377421392344,S,Third,man,True,Southampton,no,True,0
834,0,3,male,0.2941176470588235,0,0,0.0162005210712175,S,Third,man,True,Southampton,no,True,0
835,1,1,female,0.7058823529411764,1,1,0.16231419173453315,C,First,woman,False,Cherbourg,yes,False,2
836,0,3,male,0.3529411764705882,0,0,0.016908073949327897,S,Third,man,True,Southampton,no,True,0
839,1,1,male,0.5235121107266435,0,0,0.057970539254838485,C,First,man,True,Cherbourg,yes,True,0
840,0,3,male,0.3333333333333333,0,0,0.015468569817999843,S,Third,man,True,Southampton,no,True,0
841,0,2,male,0.2549019607843137,0,0,0.020494635090094422,S,Second,man,True,Southampton,no,True,0
842,1,1,female,0.5294117647058824,0,0,0.060507970265993034,C,First,woman,False,Cherbourg,yes,True,0
843,0,3,male,0.6176470588235294,0,0,0.012565163180236462,C,Third,man,True,Cherbourg,no,True,0
845,0,3,male,0.7647058823529411,0,0,0.01473661856478218,S,Third,man,True,Southampton,no,True,0
847,0,3,male,0.6274509803921569,0,0,0.015411575213749293,C,Third,man,True,Cherbourg,no,True,0
848,0,2,male,0.4901960784313726,0,1,0.06441171028315387,S,Second,man,True,Southampton,no,False,1
849,1,1,female,0.5235121107266435,1,0,0.1739198156185515,C,First,woman,False,Cherbourg,yes,False,1
850,0,3,male,0.019607843137254943,4,2,0.06104473451835265,S,Third,child,False,Southampton,no,False,6
852,0,3,female,0.11764705882352938,1,1,0.02975781977681538,C,Third,child,False,Cherbourg,no,False,2
853,1,1,female,0.2549019607843137,0,1,0.07690367833806856,S,First,woman,False,Southampton,yes,False,1
854,0,2,female,0.803921568627451,1,0,0.05074862022309094,S,Second,woman,False,Southampton,no,False,1
855,1,3,female,0.2941176470588235,0,1,0.01824998458022694,S,Third,woman,False,Southampton,yes,False,1
856,1,1,female,0.8235294117647058,1,1,0.32179836714362564,S,First,woman,False,Southampton,yes,False,2
857,1,1,male,0.9411764705882353,0,0,0.051822148727810165,S,First,man,True,Southampton,yes,True,0
858,1,3,female,0.4117647058823529,0,3,0.03758969818624431,C,Third,woman,False,Cherbourg,yes,False,3
860,0,3,male,0.7450980392156863,2,0,0.027537567642055144,S,Third,man,True,Southampton,no,False,2
861,0,2,male,0.3529411764705882,1,0,0.022446505098674845,S,Second,man,True,Southampton,no,False,1
862,1,1,female,0.8823529411764706,0,0,0.05061042782648345,S,First,woman,False,Southampton,yes,True,0
864,0,2,male,0.4117647058823529,0,0,0.02537431011154547,S,Second,man,True,Southampton,no,True,0
865,1,2,female,0.7647058823529411,0,0,0.02537431011154547,S,Second,woman,False,Southampton,yes,True,0
866,1,2,female,0.47058823529411764,1,0,0.02704960013991005,C,Second,woman,False,Cherbourg,yes,False,1
867,0,1,male,0.5490196078431372,0,0,0.09856123757927521,S,First,man,True,Southampton,no,True,0
868,0,3,male,0.5235121107266435,0,0,0.018542765081514,S,Third,man,True,Southampton,no,True,0
869,1,3,male,0.019607843137254943,1,1,0.021730754366528403,S,Third,child,False,Southampton,yes,False,2
871,1,1,female,0.8627450980392156,1,1,0.10257896680493714,S,First,woman,False,Southampton,yes,False,2
872,0,1,male,0.5882352941176471,0,0,0.009759350042902105,S,First,man,True,Southampton,no,True,0
873,0,3,male,0.8627450980392156,0,0,0.017566830077223795,S,Third,man,True,Southampton,no,True,0
874,1,2,female,0.4901960784313726,1,0,0.0468448802059301,C,Second,woman,False,Cherbourg,yes,False,1
875,1,3,female,0.23529411764705882,0,0,0.014102260811993547,C,Third,child,False,Cherbourg,yes,True,0
876,0,3,male,0.3333333333333333,0,0,0.019217721730481113,S,Third,man,True,Southampton,no,True,0
880,1,2,female,0.4313725490196078,0,1,0.05074862022309094,S,Second,woman,False,Southampton,yes,False,1
881,0,3,male,0.5882352941176471,0,0,0.015411575213749293,S,Third,man,True,Southampton,no,True,0
882,0,3,female,0.37254901960784315,0,0,0.02052723131923772,S,Third,woman,False,Southampton,no,True,0
883,0,2,male,0.4901960784313726,0,0,0.020494635090094422,S,Second,man,True,Southampton,no,True,0
885,0,3,female,0.7058823529411764,0,5,0.05684821399990475,Q,Third,woman,False,Queenstown,no,False,5
887,1,1,female,0.3137254901960784,0,0,0.05855610025741262,S,First,woman,False,Southampton,yes,True,0
888,0,3,female,0.5235121107266435,1,2,0.04577135170121087,S,Third,woman,False,Southampton,no,False,3
889,1,1,male,0.4509803921568627,0,0,0.05855610025741262,C,First,man,True,Cherbourg,yes,True,0
890,0,3,male,0.5686274509803921,0,0,0.01512699256649827,Q,Third,man,True,Queenstown,no,True,0
